{
  "Britpart": -218.08247173190398,
  "Repco": -218.143961332034
}